Code;Name
01.00.00;Оборудование
01.01.00;Охрана и сигнализация
01.01.01;Сейфы
01.01.02;Системы контроля доступа
01.01.03;Замки и фурнитура
01.01.04;Регулировка движения
01.01.05;Сигнализация
01.01.06;Системы видеонаблюдения
01.01.07;Электропитание
01.01.08;Домофоны
01.01.09;Средства самообороны
01.01.10;Противопожарное оборудование
01.01.11;ИК-прожекторы 
01.02.00;Рекламные сувениры
01.03.00;Промышленное производство
01.03.01;Упаковочное оборудование
01.03.02;Швейное производство
01.03.03;Для производства и тиражирования CD и DVD дисков
01.03.04;Грузоподъемное оборудование
01.03.05;Пищевая промышленность
01.03.06;Станки
01.03.07;Насосы промышленные
01.03.08;Производственно-техническое оборудование
01.04.00;Сфера услуг
01.04.01;Оборудование для медучреждений
01.04.02;Оборудование для салонов красоты
01.04.03;Оборудование для автосервисов
01.04.04;Банковское оборудование
01.04.05;Оборудование для магазинов
01.05.00;Издательство и полиграфия
01.05.01;Издательское оборудование
01.05.02;Полиграфическое оборудование
01.05.03;Расходные материалы
01.06.00;Сценическое и аудиооборудование
01.06.01;Аудиооборудование для концертных залов
01.06.02;Световое и сценическое оборудование
01.06.03;Оборудование для звукозаписывающих студий
01.07.00;Лабораторное оборудование
01.08.00;Рабочая одежда
01.09.00;Воздушные компрессоры
01.10.00;Строительство
01.10.01;Бетоносмесители
01.10.02;Краны
01.10.03;Измерительное оборудование
01.10.04;Строительные вибраторы
01.10.05;Сварочное оборудование
01.11.00;Чистящая и моющая техника
01.11.01;Поломойные и подметальные машины
01.11.02;Моющие средства
01.11.03;Аксессуары и принадлежности
01.11.04;Профессиональные пылесосы
02.00.00;Дом и дача
02.01.00;Мебель
02.01.01;Раскладушки
02.01.02;Специальная мебель
02.01.03;Готовые комплекты
02.01.04;Фурнитура
02.01.05;Надувная мебель
02.01.06;Основания для матрасов и наматрасники
02.01.07;Матрасы
02.01.08;Плетеная мебель
02.01.09;Корпусная мебель
02.01.10;Компьютерные столы и стулья
02.01.11;Мягкая мебель
02.01.12;Мебель для малышей
02.02.00;Дом и интерьер
02.02.01;Текстиль
02.02.02;Аксессуары для ухода за одеждой и обувью
02.02.03;Кухонная посуда и принадлежности
02.02.04;Средства против насекомых
02.02.05;Аксессуары для ванной и туалета
02.02.06;Хозяйственный инвентарь
02.02.07;Интерьер
02.02.08;Бытовая химия
02.03.00;Товары для животных
02.03.01;Корма и лакомства
02.03.02;Витамины и добавки
02.03.03;Лекарственные препараты
02.03.04;Сопутствующие товары
02.03.05;Одежда и обувь
02.03.06;Инкубаторы
02.03.07;Аквариумистика
02.04.00;Освещение
02.04.01;Торшеры
02.04.02;Подсветка
02.04.03;Уличные светильники
02.04.04;Светильники
02.04.05;Люстры
02.04.06;Настольные лампы
02.04.07;Бра
02.04.08;Ночники
02.04.09;Лампочки
02.05.00;Строительство и ремонт
02.05.01;Почтовые ящики
02.05.02;Электрика
02.05.03;Водоснабжение и водоотведение
02.05.04;Проекты домов
02.05.05;Электроинструменты
02.05.06;Лестницы
02.05.07;Элементы лестниц
02.05.08;Инструменты
02.05.09;Сантехника
02.05.10;Средства индивидуальной защиты
02.05.11;Двери и ворота
02.05.12;Сауны и бани
02.05.13;Окна
02.05.14;Готовые конструкции
02.05.15;Материалы
02.05.16;Ревизионные люки 
02.05.17;Насосы бытовые
02.05.18;Отопление
02.05.19;Вентиляция
02.05.20;Системы центрального кондиционирования
02.06.00;Дача, сад и огород
02.06.01;Аксессуары
02.06.02;Садовый инвентарь
03.00.00;Услуги
03.01.00;Ритуальные услуги
03.01.01;Надгробия, памятники, гробы
03.01.02;Траурная флористика
03.02.00;Обучение, семинары и тренинги
03.02.01;Сертификационные экзамены
03.02.02;Cisco Systems
03.02.03;Администрирование
03.02.04;Курсы по менеджменту, маркетингу, рекламе 
03.03.00;Финансовые услуги
03.04.00;Транспортные услуги
03.05.00;Техническое обслуживание
03.05.01;Мобильной техники
03.05.02;Бытовой техники
03.05.03;Компьютерной техники
03.05.04;Заправка картриджей
03.06.00;Хостинг и регистрация доменов
03.07.00;Страхование
03.08.00;Услуги в сфере красоты
03.08.01;Косметология
03.08.02;Маникюр, педикюр
03.09.00;Юридические услуги
03.10.00;Маркетинг, реклама, PR
03.10.01;Маркетинговые исследования и бизнес-планирование
03.10.02;Организация шоу и праздников
03.11.00;Медицинские услуги
03.11.01;УЗИ
03.11.02;Магнитно-резонансная томография
04.00.00;Продукты
04.01.00;Консервированные продукты
04.01.01;Мясные консервы
04.01.02;Рыбные консервы
04.01.03;Овощные консервы
04.01.04;Консервированные фрукты
04.02.00;Соусы, специи
04.02.01;Специи
04.02.02;Перец
04.02.03;Горчица
04.02.04;Кетчуп, томатный соус
04.02.05;Майонез
04.02.06;Уксус
04.03.00;Молочные продукты
04.03.01;Сыр
04.03.02;Молочнокислая продукция
04.03.03;Масло, маргарин
04.03.04;Мороженое
04.03.05;Сметана, творог, сырки
04.03.06;Йогурты
04.03.07;Молоко, сливки
04.04.00;Спортивное питание
04.05.00;Кондитерские изделия
04.05.01;Конфеты
04.05.02;Мармелад, варенье
04.05.03;Пряники, вафли, печенье
04.05.04;Зефир, пастила
04.05.05;Торты, пирожные
04.05.06;Шоколад
04.05.07;Жевательная резинка
04.05.08;Мед
04.05.09;Восточные сладости
04.05.10;Букеты из конфет
04.05.11;Прочие сладости
04.06.00;Рыба
04.06.01;Рыба вяленая и сушеная
04.06.02;Морепродукты
04.06.03;Рыба мороженая
04.06.04;Рыба копченая
04.06.05;Рыба соленая
04.06.06;Икра
04.06.07;Креветки, крабы, раки
04.07.00;Фрукты и овощи
04.07.01;Фрукты
04.07.02;Орехи
04.07.03;Мороженые овощи, фрукты, грибы
04.07.04;Овощи
04.07.05;Грибы
04.07.06;Зелень
04.07.07;Сухофрукты
04.07.08;Соленья и маринады
04.08.00;Мясо-птица
04.08.01;Мясо
04.08.02;Куры
04.08.03;Мясные полуфабрикаты
04.08.04;Колбасные изделия
04.08.05;Копчености
04.08.06;Пельмени
04.08.07;Паштеты
04.09.00;Безалкогольные напитки
04.09.01;Прохладительные напитки
04.09.02;Минеральная и питьевая вода
04.09.03;Соки
04.10.00;Чай, кофе, какао
04.10.01;Кофе
04.10.02;Какао, шоколад
04.10.03;Чай
04.11.00;Бакалея
04.11.01;Масло растительное
04.11.02;Сахар
04.11.03;Чипсы, сухарики
04.11.04;Сухой солод
04.11.05;Соль, сода
04.11.06;Мука, тесто
04.11.07;Мюсли
04.11.08;Каши, супы, бульоны
04.11.09;Крупы
04.11.10;Макароны
04.11.11;Крем, желатин, разрыхлитель
04.12.00;Еда быстрого приготовления
04.12.01;Супы быстрого приготовления
04.12.02;Японская еда
04.12.03;Китайская еда
04.12.04;Пицца
04.13.00;Хлебобулочные изделия
04.13.01;Булочки и пирожки
04.13.02;Хлеб 
04.14.00;Диетическое и лечебное питание
04.14.01;Соусы, специи, приправы
04.14.02;Чай, кофе, напитки
04.14.03;Зерновые хлебцы
04.14.04;Бакалея
04.14.05;Продукты на основе сои
04.14.06;Заменители сахара
04.15.00;Детское питание
05.00.00;Все для офиса
05.01.00;Оргтехника
05.01.01;Калькуляторы
05.01.02;Брошюровщики
05.01.03;Ламинаторы
05.01.04;Резаки
05.01.05;Факсы
05.01.06;Системные телефоны
05.01.07;Мини АТС
05.01.08;Оборудование для АТС
05.01.09;Аксессуары для пишущих машинок
05.01.10;Машинки для уничтожения бумаг
05.01.11;Копиры и дупликаторы
05.02.00;Расходные материалы
05.02.01;Расходные материалы для ламинаторов
05.02.02;Бумага и пленка
05.02.03;Расходные материалы для брошюровщиков
05.02.04;Скотч
05.02.05;Скрепки, кнопки
05.03.00;Аксессуары
05.04.00;Оборудование для презентаций
05.04.01;Мобильные стенды
05.04.02;Доски
05.04.03;Экраны
05.04.04;Документ-камеры
05.04.05;Оверхед-проекторы
05.04.06;Мультимедиа-проекторы
05.04.07;Аксессуары для проекторов
05.04.08;Слайд-проекторы
05.05.00;Канцелярские принадлежности
05.05.01;Аксессуары
05.05.02;Ножи канцелярские
05.05.03;Органайзеры
05.05.04;Офисные наборы
05.05.05;Ежедневники, записные книжки
05.05.06;Печати и штампы
05.05.07;Бухгалтерские книги, бланки, формы
05.05.08;Папки, файлы, конверты
05.05.09;Дыроколы, степлеры
06.00.00;Авто
06.01.00;Автохимия
06.01.01;Антикоры
06.01.02;Масло трансмиссионное
06.01.03;Смазки
06.01.04;Моторные масла
06.01.05;Присадки в топливо
06.01.06;Герметики
06.01.07;Антифризы
06.01.08;Присадки в масло
06.01.09;Тормозные жидкости
06.01.10;Промывки и промывочное масло
06.01.11;Жидкости для ГУР
06.02.00;Запчасти
06.02.01;Воздушные фильтры
06.02.02;Омыватель
06.02.03;Тросы
06.02.04;Топливные фильтры
06.02.05;Система выпуска
06.02.06;Подвеска
06.02.07;Стекла
06.02.08;Трансмиссия
06.02.09;Двигатель
06.02.10;Аккумуляторные батареи
06.02.11;Рулевое управление
06.02.12;Кузов
06.02.13;Салон
06.02.14;Электрика
06.02.15;Топливная система
06.02.16;Масляные фильтры
06.02.17;Привод
06.02.18;Тормозная система
06.02.19;Фаркопы 
06.02.20;Автосвет
06.02.21;Зарядные устройства для аккумуляторов
06.03.00;Противоугонные устройства
06.03.01;Противоугонные комплексы
06.03.02;Механические блокираторы
06.03.03;Автопейджеры
06.03.04;Автосигнализации
06.03.05;Иммобилайзеры
06.04.00;Аксессуары
06.04.01;Сигналы
06.04.02;Щетки и скребки
06.04.03;Освежители воздуха
06.04.04;Багажники, боксы, крепления
06.04.05;Наклейки
06.04.06;Переходные рамки
06.04.07;Тенты для автомобиля
06.04.08;Автомобильные насосы
06.04.09;Автоаптечки
06.04.10;Чехлы на сидения
06.04.11;Зеркала заднего вида
06.04.12;Коврики
06.04.13;Стеклоочистители
06.04.14;Цепи противоскольжения
06.04.15;Инструменты
06.04.16;Тюнинг-комплекты
06.04.17;Внешний декор
06.04.18;Ручки КПП
06.04.19;Рули
06.04.20;Автомобильные холодильники
06.04.21;Защита
06.05.00;Автокосметика
06.05.01;Полироли
06.05.02;Шпатлевка
06.05.03;Автоэмали
06.05.04;Грунтовка
06.05.05;Автошампуни
06.05.06;Очистители
06.06.00;Шины и диски
06.06.01;Грузовые шины
06.06.02;Шины
06.06.03;Мотошины
06.06.04;Колесные диски
06.07.00;Транспорт
06.07.01;Прицепы
06.07.02;Грузовые машины
06.07.03;Спецтехника
06.08.00;Электроника
06.08.01;Автомобильные радиостанции
06.08.02;Бортовые компьютеры
06.08.03;Камеры заднего вида
06.08.04;Аудио- и видеотехника
06.08.05;Устройства громкой связи
06.08.06;Радар-детекторы
06.08.07;Парктроники
06.08.08;Универсальные зарядные устройства и инверторы
06.08.09;Видеорегистраторы
06.09.00;Мототехника
06.09.01;Квадроциклы
06.09.02;Экипировка и защита
06.09.03;Скутеры
06.09.04;Запчасти
06.09.05;Аксессуары
06.09.06;Мотоциклы
06.09.07;Снегоходы
07.00.00;Спорт и отдых
07.01.00;Рюкзаки
07.02.00;Водный спорт
07.02.01;Плоты
07.02.02;Весла
07.02.03;Надувные лодки
07.02.04;Водное поло
07.02.05;Аксессуары для плавания
07.02.06;Виндсерфинг
07.02.07;Лодочные моторы
07.02.08;Водные лыжи, вейкбординг и книбординг
07.02.09;Катамараны
07.02.10;Буксируемые баллоны
07.02.11;Бассейны и аксессуары
07.02.12;Гидроциклы
07.02.13;Спасательные жилеты и круги
07.02.14;Кайтсерфинг
07.02.15;Подводное плавание
07.02.16;Яхты и катера
07.02.17;Байдарки и каноэ
07.02.18;Аксессуары для лодок, катеров и яхт
07.03.00;Спортивные сумки
07.04.00;Охота и рыбалка
07.04.01;Прицелы
07.04.02;Аксессуары
07.04.03;Подводная охота
07.04.04;Эхолоты
07.04.05;Садки и подсачеки
07.04.06;Рыбалка
07.04.07;Одежда и обувь
07.05.00;Туризм
07.05.01;Спальные мешки
07.05.02;Палатки
07.05.03;Тенты
07.05.04;Посуда
07.05.05;Походная мебель
07.05.06;Сумки-холодильники
07.05.07;Фонари
07.05.08;Компасы
07.05.09;Коврики
07.06.00;Игры
07.06.01;Сквош
07.06.02;Игровые столы
07.06.03;Дартс
07.06.04;Бильярд
07.06.05;Бадминтон
07.06.06;Большой теннис
07.06.07;Настольный теннис
07.07.00;Активный отдых
07.07.01;Велосипеды
07.07.02;Роликовые коньки
07.07.03;Самокаты
07.08.00;Экстремальные виды спорта
07.08.01;Парапланеризм
07.08.02;Скейтбординг
07.08.03;Альпинизм
07.08.04;Защита и профилактика травм
07.09.00;Тренажеры и фитнес
07.09.01;Тренажеры
07.09.02;Йога
07.09.03;Тяжелая атлетика
07.09.04;Фитнес
07.09.05;Легкая атлетика
07.09.06;Пульсометры и шагомеры
07.09.07;Гимнастические снаряды и спортивные комплексы
07.10.00;Командные виды спорта
07.10.01;Футбол
07.10.02;Бейсбол, городки
07.10.03;Пейнтбол и страйкбол
07.10.04;Флорбол
07.10.05;Регби и гандбол
07.10.06;Баскетбол
07.10.07;Волейбол
07.11.00;Зимние виды спорта
07.11.01;Горные лыжи
07.11.02;Санки и снегокаты
07.11.03;Беговые лыжи
07.11.04;Сноубординг
07.11.05;Коньки
07.11.06;Хоккей
07.12.00;Бокс и единоборства
07.12.01;Перчатки боксерские
07.12.02;Тренировочные снаряды
07.12.03;Аксессуары и принадлежности
07.12.04;Защита
08.00.00;Компьютеры
08.01.00;Оргтехника
08.01.01;Сканеры
08.01.02;Оборудование для видеоконференций
08.01.03;3D принтеры
08.01.04;Принтеры и МФУ
08.01.05;Режущие плоттеры
08.01.06;Принтеры матричные
08.02.00;Накопители
08.02.01;USB Flash drive
08.02.02;Карты памяти
08.02.03;Устройства для чтения карт памяти
08.03.00;Периферийные устройства
08.03.01;Веб-камеры
08.03.02;Рули, джойстики, геймпады
08.03.03;Графические планшеты и дигитайзеры
08.03.04;Компьютерная акустика
08.03.05;Микрофоны
08.03.06;TV-тюнеры
08.03.07;Клавиатуры, мыши, комплекты
08.03.08;Компьютерные гарнитуры
08.03.09;Мониторы
08.04.00;Комплектующие
08.04.01;Кулеры и системы охлаждения
08.04.02;Накопители FDD, MOD, ZIP, Jazz, стримеры
08.04.03;Блоки питания
08.04.04;Модули памяти
08.04.05;Процессоры (CPU)
08.04.06;Материнские платы
08.04.07;Платформы
08.04.08;Термопаста
08.04.09;Корпуса и док-станции для жестких дисков
08.04.10;Рэковые корпуса
08.04.11;Жесткие диски и сетевые накопители
08.04.12;Оптические приводы
08.04.13;Контроллеры
08.04.14;Разное
08.04.15;Звуковые карты
08.04.16;Корпуса
08.04.17;Видеокарты
08.04.18;Платы ввода-вывода
08.05.00;Игры и программное обеспечение
08.05.01;Программы для Apple
08.05.02;Управление файлами и дисками
08.05.03;Безопасность и защита информации
08.05.04;Программы для мобильных устройств
08.05.05;Обучение и видеокурсы
08.05.06;Программы для перевода
08.05.07;Утилиты
08.05.08;СУБД
08.05.09;САПР
08.05.10;Офисные программы
08.05.11;Программное обеспечение
08.05.12;Аудио- и видеоредакторы 
08.05.13;Программирование
08.05.14;Другое ПО
08.05.15;Бухгалтерия и делопроизводство
08.05.16;Словари и энциклопедии
08.05.17;Операционные системы
08.05.18;Верстка и дизайн
08.05.19;Игры для ПК
08.05.20;Интернет и локальные сети
08.06.00;Компьютеры
08.06.01;Планшеты
08.06.02;Настольные компьютеры
08.06.03;Серверы
08.06.04;Ноутбуки
08.06.05;Промышленные компьютеры
08.07.00;Источники бесперебойного питания
08.08.00;Сетевое оборудование
08.08.01;VoIP-шлюзы
08.08.02;Системы доступа и коммуникационные сервера
08.08.03;СКС
08.08.04;Трансиверы
08.08.05;Монтажное оборудование
08.08.06;VoIP-оборудование
08.08.07;Оборудование Wi-Fi и Bluetooth
08.08.08;Сетевые карты
08.08.09;Беспроводное оборудование
08.08.10;Мультиплексоры
08.08.11;Маршрутизаторы и коммутаторы
08.08.12;Репитеры
08.08.13;Принт-серверы
08.08.14;Промышленные модемы
08.08.15;Кабели и разъемы
08.08.16;Модемы
08.08.17;Сетевые камеры
08.08.18;Рэковые сетевые хранилища
08.08.19;Разное
08.08.20;Конвертеры интерфейсов и скоростей
08.09.00;Аксессуары и расходные материалы
08.09.01;Сумки и чехлы для  планшетов
08.09.02;Аксессуары для ноутбуков
08.09.03;Дискеты, диски, кассеты
08.09.04;USB-концентраторы
08.09.05;Блоки питания для ноутбуков
08.09.06;Картриджи, тонеры, фотобарабаны
08.09.07;Сумки и боксы для дисков
08.09.08;Разное
08.09.09;Фильтры и стабилизаторы
08.09.10;Сумки и чехлы для ноутбуков
08.09.11;Аккумуляторы для ноутбуков
08.09.12;Чистящие принадлежности
08.09.13;Аксессуары для принтеров и МФУ
08.09.14;Кронштейны, держатели и подставки
08.09.15;Инструменты
08.09.16;Кабели, разъемы, переходники
08.09.17;Коврики для мышей
09.00.00;Бытовая техника
09.01.00;Климатическая техника
09.01.01;Климатизаторы
09.01.02;Водонагреватели
09.01.03;Осушители воздуха
09.01.04;Вентиляторы
09.01.05;Ионизаторы
09.01.06;Комплектующие для кондиционеров
09.01.07;Обогреватели и тепловые завесы
09.01.08;Кондиционеры
09.01.09;Цифровые метеостанции
09.01.10;Электрокамины 
09.01.11;Очистители и увлажнители воздуха
09.01.12;Аксессуары для климатического оборудования
09.02.00;Техника для дома
09.02.01;Аксессуары для пылесосов
09.02.02;Аксессуары для стиральных машин
09.02.03;Электровеники
09.02.04;Пароочистители и отпариватели
09.02.05;Пылесосы
09.02.06;Системы Умный дом
09.02.07;Стиральные машины
09.02.08;Аксессуары для водяных фильтров
09.02.09;Фильтры и умягчители для воды
09.02.10;Утюги
09.02.11;Гладильные системы
09.02.12;Швейное оборудование
09.02.13;Сушильные автоматы
09.03.00;Техника для красоты
09.03.01;Электробигуди
09.03.02;Приборы для ухода за телом и лицом
09.03.03;Эпиляторы и женские электробритвы
09.03.04;Электрические зубные щетки
09.03.05;Машинки для стрижки
09.03.06;Напольные весы
09.03.07;Ирригаторы
09.03.08;Аксессуары для зубных щеток и ирригаторов
09.03.09;Аксессуары для электробритв и эпиляторов
09.03.10;Фены и приборы для укладки
09.03.11;Электробритвы мужские
09.04.00;Крупная техника для кухни
09.04.01;Встраиваемые рабочие поверхности
09.04.02;Кулеры для воды и питьевые фонтанчики
09.04.03;Комплекты встраиваемой техники
09.04.04;Плиты
09.04.05;Подогреватели посуды
09.04.06;Посудомоечные машины
09.04.07;Вытяжки
09.04.08;Встраиваемые духовые шкафы
09.04.09;Холодильники
09.05.00;Мелкая техника для кухни
09.05.01;Соковыжималки
09.05.02;Ломтерезки
09.05.03;Блендеры
09.05.04;Домашние мини-пивоварни
09.05.05;Электрические грили, барбекю, шашлычницы
09.05.06;Мини-печи, ростеры
09.05.07;Аэрогрили
09.05.08;Фритюрницы
09.05.09;Электрочайники и термопоты
09.05.10;Кофеварки и кофемашины
09.05.11;Мясорубки
09.05.12;Тостеры
09.05.13;Блинницы
09.05.14;Миксеры
09.05.15;Яйцеварки
09.05.16;Измельчители пищевых отходов
09.05.17;Йогуртницы и мороженицы
09.05.18;Пароварки
09.05.19;Прочая техника
09.05.20;Хлебопечки
09.05.21;Кухонные комбайны и измельчители
09.05.22;Фильтры для техники
09.05.23;Мультиварки
09.05.24;Сэндвичницы
09.05.25;Микроволновые печи
09.05.26;Сушилки для овощей, фруктов, грибов
09.05.27;Кухонные весы
09.05.28;Кофемолки
10.00.00;Электроника
10.02.00;GPS-навигация
10.02.01;Карты и программы GPS-навигации
10.02.02;GPS-навигаторы
10.02.03;GPS-трекеры
10.02.04;Аксессуары
10.03.00;Портативная техника
10.03.01;Цифровые плееры
10.03.02;Портативная акустика
10.03.03;Радиоприемники
10.03.04;Электронные книги
10.03.05;Магнитолы
10.03.06;Словари и переводчики
10.03.07;Диктофоны
10.03.08;Наушники
10.03.09;Аксессуары для электронных книг
10.03.10;Аксессуары для цифровых плееров
10.04.00;Аудио- и видеотехника
10.04.02;Стационарные медиаплееры
10.04.03;Системы MultiRoom
10.04.04;Аудиотехника
10.04.05;Аксессуары
10.04.06;DVD и Blu-ray плееры
10.04.07;Телевизоры и плазменные панели
10.04.08;Спутниковое и кабельное телевидение
10.04.09;Домашние кинотеатры
10.05.00;Игровые приставки
10.05.01;Мультиплатформенные приставки
10.05.02;Аксессуары
10.05.03;Игры
10.05.04;Игровые приставки
10.06.00;Телефоны
10.06.01;Аксессуары
10.06.02;Тарифные планы
10.06.03;Мобильные телефоны
10.06.04;Спутниковые телефоны
10.06.05;Радиотелефоны
10.06.06;Карты оплаты
10.06.07;Рации
10.06.08;Мобильный контент
10.06.09;Bluetooth-гарнитуры
10.06.10;Проводные телефоны
10.06.11;Проводные гарнитуры
10.06.12;DECT-гарнитуры
10.06.13;Запасные части
10.07.00;Фото и видеокамеры
10.07.01;Штативы и моноподы
10.07.02;Фотоматериалы и химикаты
10.07.03;Фотокамеры моментальной печати
10.07.04;Фотовспышки
10.07.05;Аксессуары
10.07.06;Оборудование для профессионалов
10.07.07;Цифровые фотокамеры
10.07.08;Пленочные фотокамеры
10.07.09;Оборудование для подводной съемки
10.07.10;Измерительное оборудование
10.07.11;Объективы
10.07.12;Видеокамеры
10.07.13;Цифровые фоторамки и фотоальбомы
10.08.00;Оптические приборы
10.08.01;Приборы ночного видения
10.08.02;Микроскопы
10.08.03;Лупы
10.08.04;Телескопы
10.08.05;Аксессуары
10.08.06;Бинокли и зрительные трубы
11.00.00;Детские товары
11.01.00;Игрушки и игровые комплексы
11.01.01;Головоломки, пазлы
11.01.02;Игрушечное оружие
11.01.03;Украшения для девочек
11.01.04;Солдатики
11.01.05;Железные дороги
11.01.06;Роботы и трансформеры
11.01.07;Сюжетно-ролевые игры
11.01.08;Обучающие игрушки
11.01.09;Конструкторы
11.01.10;Куклы и аксессуары
11.01.11;Мягкие игрушки
11.01.12;Фигурки
11.01.13;Надувные игрушки
11.01.14;Настольные игры
11.01.15;Напольные игры
11.01.16;Машины, техника и аксессуары
11.01.17;Для самых маленьких
11.01.18;Хранение игрушек
11.01.19;Игры на улице
11.01.20;Игровые наборы
11.02.00;Обучение и творчество
11.02.01;Обучающие материалы и авторские методики
11.02.02;Наука и техника
11.02.03;Товары для школы
11.02.04;Товары для творчества
11.03.00;Товары для мам и малышей
11.03.01;Купание
11.03.02;Товары для мам
11.03.03;Смена подгузника
11.03.04;Кормление
11.03.05;Прогулки и путешествия
11.03.06;Здоровье и уход
11.03.07;Сон
11.03.08;Защита и безопасность
12.00.00;Товары для здоровья
12.01.00;Техника для красоты и здоровья
12.01.01;Миостимуляторы
12.01.02;Массажеры
12.01.03;Солярии
12.02.00;Средства и предметы гигиены
12.02.01;Ватные палочки и диски
12.02.02;Бумажные средства гигиены
12.02.03;Зубная паста, щетки, полоскание
12.03.00;Аптека
12.03.01;Средства по уходу за больными
12.03.02;Контрацептивы
12.03.03;Медицинские приборы и изделия
12.03.04;Оптика
12.03.05;Ортопедические изделия и обувь
12.03.06;Дезинфицирующие средства
12.03.07;Диагностические тесты
12.03.08;Лекарственные препараты
12.03.09;Ароматерапия
12.03.10;Медицинские материалы
12.03.11;Витамины, минералы, пищевые добавки
12.03.12;Лечебная одежда
13.00.00;Досуг и развлечения
13.01.00;Книги
13.01.01;Детская литература
13.01.02;Юридическая литература
13.01.03;Аудиокниги
13.01.04;Дом, семья, досуг
13.01.05;Художественная литература
13.01.06;Календари
13.01.07;Журналы и газеты
13.01.08;Словари, справочники, энциклопедии
13.01.09;Компьютеры и интернет
13.01.10;Техническая литература
13.01.11;Медицина
13.01.12;Литература на иностранных языках
13.01.13;Эзотерика
13.01.14;Бизнес и экономика
13.01.15;Наука и образование
13.01.16;Искусство и культура
13.02.00;Туры
13.03.00;Билеты
13.03.01;Мюзикл
13.03.02;Спорт
13.03.03;Театр
13.03.04;Концерт
13.03.05;Цирк
13.03.06;Кино
13.03.07;Шоу
13.04.00;Музыкальные инструменты
13.04.01;Микшерные пульты
13.04.02;Гитарное усиление
13.04.03;Синтезаторы и миди-клавиатуры
13.04.04;Аксессуары
13.04.05;Акустические гитары
13.04.06;Ударные инструменты
13.04.07;Электрогитары и бас-гитары
13.04.08;Акустические пианино
13.04.09;Духовые инструменты
13.04.10;Смычковые инструменты
13.05.00;Музыка
13.05.11;Диски караоке
13.05.12;Романсы
13.05.13;Disco
13.05.14;Фолк, этника
13.05.15;Электронная музыка
13.05.16;Alternative
13.05.17;Soundtracks
13.05.18;Русская поп-музыка
13.05.19;Другая музыка
13.05.20;Pop
13.05.21;Blues
13.05.22;Reggae
13.05.23;Rap
13.05.24;Классическая музыка
13.05.25;Авторская песня
13.05.26;Музыка для детей
13.05.27;Heavy metal
13.05.28;Funk
13.05.29;Русский рок
13.05.30;Jazz
13.05.31;Hard rock
13.05.32;Classic rock
13.06.00;Видеофильмы
13.06.01;Мультфильмы
13.06.02;Боевики
13.06.03;Спорт
13.06.04;Фантастика
13.06.05;Мистика и ужасы
13.06.06;Мелодрамы
13.06.07;Мюзиклы и театрализованные постановки
13.06.08;Музыка
13.06.09;Детские фильмы
13.06.10;Исторические фильмы
13.06.11;Приключения
13.06.12;Триллеры
13.06.13;Детективы
13.06.14;Вестерны
13.06.15;Комедии
13.06.16;Драмы
13.06.17;Документальные фильмы
13.06.18;Биографические фильмы
13.06.19;Видеокурсы
13.06.20;Сериалы
14.00.00;Подарки и цветы
14.01.00;Новогодние товары
14.01.01;Елки живые
14.01.02;Елочные украшения
14.01.03;Елки искусственные
14.01.04;Новогодние фигурки и сувениры
14.01.05;Новогодний декор
14.01.06;Символ года Лошади
14.02.00;Подарочная упаковка
14.03.00;Букеты из игрушек
14.04.00;Подарочные сертификаты
14.05.00;Настольные игры
14.06.00;Цветы
14.07.00;Товары для праздников
14.07.01;Грим
14.07.02;Воздушные шары
14.07.03;Фейерверки
14.08.00;Ювелирные изделия
14.08.01;Ювелирные украшения
14.08.02;Посуда и сувениры
14.09.00;Дом и интерьер
14.09.01;Подарочные свечи
14.09.02;Декоративная посуда
14.09.03;Кальяны
14.09.04;Фотоальбомы и рамки
14.09.05;Предметы искусства
14.09.06;Декоративные телефоны
14.09.07;Плакаты
14.10.00;Украшения и аксессуары
14.10.01;Украшения и бижутерия
14.10.02;Наручные часы
14.10.03;Фляги
14.10.04;Карманные часы
14.10.05;Аксессуары для часов
14.11.00;Подарочные наборы
14.12.00;Сувениры
14.12.01;Сувениры из фарфора
14.12.02;Награды и дипломы
14.12.03;Шкатулки
14.12.04;Сувенирные ножи и аксессуары
14.12.05;Сувенирные копии пистолетов, ружей, арбалетов, мечей
14.12.06;Бизнес-сувениры
14.12.07;Открытки
14.12.08;Копилки
14.12.09;Сувениры из камня
14.12.10;Флаги и гербы
14.12.11;Сувениры из керамики
14.12.12;Сувениры из металла
14.12.13;Самовары
14.12.14;Сувениры из дерева
14.12.15;Сувениры из стекла
14.12.16;Музыкальные сувениры
15.00.00;Интим товары
15.01.00;Симуляторы для мужчин
15.02.00;BDSM атрибутика
15.03.00;Вибраторы
15.04.00;Мебель
15.05.00;Видео, журналы, книги, постеры, игры
15.06.00;Сувениры
15.07.00;Вакуумные помпы
15.08.00;Косметика и парфюмерия
15.09.00;Одежда, белье, обувь
15.10.00;Фаллоимитаторы
15.11.00;Стимуляторы
16.00.00;Одежда, обувь и аксессуары
16.01.00;Детская одежда
16.01.01;Для девочек
16.01.02;Для малышей
16.01.03;Для мальчиков
16.01.04;Одежда для спорта
16.02.00;Аксессуары
16.02.01;Брелоки и ключницы
16.02.02;Визитницы
16.02.03;Кредитницы
16.02.04;Обложки для документов
16.02.05;Сумки
16.02.06;Кошельки
16.02.07;Зонты
16.02.08;Кейсы
16.02.09;Дорожные сумки
16.02.10;Чемоданы
16.02.11;Саквояжи и кофры
16.02.12;Все для праздника
16.02.13;Портпледы
16.02.14;Косметички
16.02.15;Галстуки
16.02.16;Портфели
16.02.17;Ремни
16.02.18;Очки
16.03.00;Мужская одежда
16.03.01;Белье и пляжная мода
16.03.02;Головные уборы
16.03.03;Шарфы
16.03.04;Перчатки
16.03.05;Носки
16.03.06;Одежда для спорта
16.03.07;Одежда
16.03.08;Верхняя одежда
16.04.00;Красота
16.04.01;Мужчинам
16.04.02;Макияж
16.04.03;Уход за телом
16.04.04;Уход за лицом
16.04.05;Уход за ногтями
16.04.06;Детям
16.04.07;Наборы
16.04.08;Парфюмерия
16.05.00;Женская одежда
16.05.01;Одежда
16.05.02;Белье и купальники
16.05.03;Верхняя одежда
16.05.04;Будущим мамам
16.05.05;Свадебная мода
16.05.06;Головные уборы
16.05.07;Шарфы и платки
16.05.08;Перчатки
16.05.09;Одежда для спорта
16.06.00;Обувь
16.06.01;Обувь для малышей
16.06.02;Обувь для девочек
16.06.03;Обувь для мальчиков
16.06.04;Женская обувь
16.06.05;Мужская обувь
17.00.00;Цифровые и виртуальные товары и услуги
17.01.00;Сотовая и спутниковая связь
17.02.00;Интернет-провайдеры
17.03.00;Кабельное и спутниковое ТВ
17.04.00;IP-телефония
17.05.00;Игры, книги, музыка, фильмы
17.06.00;Покупки в играх
17.07.00;Файлообмен, фото- и видео-хостинги
18.00.00;Кафе и рестораны
18.01.00;Бары и рестораны
18.02.00;Рестораны быстрого обслуживания, фаст-фуд
18.03.00;Кафе
18.04.00;Детские кафе и рестораны
18.05.00;Пиццерия
19.00.00;Кинотеатры и развлекательные центры
19.01.00;Кинотеатры, театры, спектакли
19.02.00;Боулинг и бильярд
19.03.00;Аттракционы
19.04.00;Бассейн
20.00.00;Взносы и пожертвования
20.01.00;Благотворительные фонды и хосписы
20.02.00;Политические и общественные организации
21.00.00;Финансовые партнеры
21.01.00;Платежные сервисы и агрегаторы, процессинговые центры
